"Q3: Door deel te nemen aan dit onderzoek verklaart u dat u de informatie hebt begrepen, vrijwillig deelneemt en uw toestemming verleent voor de verzameling en het gebruik van uw gegevens voor wetenschappelijke doeleinden.",Q4: Wat is uw geslacht?,Q5: Wat is uw leeftijd?,Q6: In welke werkgroep zit u?,"Q8_1: Simple and choice reaction time tasks taak: https://www.psytoolkit.org/lessons/experiment_simple_choice_rts.html

Let op! Bestaat uit twee gedeeltes. - Simple task speed (ms)","Q8_2: Simple and choice reaction time tasks taak: https://www.psytoolkit.org/lessons/experiment_simple_choice_rts.html

Let op! Bestaat uit twee gedeeltes. - Simple task error percentage","Q8_3: Simple and choice reaction time tasks taak: https://www.psytoolkit.org/lessons/experiment_simple_choice_rts.html

Let op! Bestaat uit twee gedeeltes. - Choice task speed (ms)","Q8_4: Simple and choice reaction time tasks taak: https://www.psytoolkit.org/lessons/experiment_simple_choice_rts.html

Let op! Bestaat uit twee gedeeltes. - Choice task error percentage",Q9_1: Stroop taak: https://www.psytoolkit.org/experiment-library/experiment_stroop.html - Congruent,Q9_2: Stroop taak: https://www.psytoolkit.org/experiment-library/experiment_stroop.html - Incongruent,Q9_3: Stroop taak: https://www.psytoolkit.org/experiment-library/experiment_stroop.html - Stroop effect,"Q10_1: Go-No Go task: https://www.psytoolkit.org/experiment-library/experiment_go-no-go.html 

Het gemiddelde is de aantallen optellen en delen door het totaal aantal go-trials - Aantal No-go fout","Q10_2: Go-No Go task: https://www.psytoolkit.org/experiment-library/experiment_go-no-go.html 

Het gemiddelde is de aantallen optellen en delen door het totaal aantal go-trials - Gemiddelde RT voor de go-trials",Q11_1: Navon taak: https://www.psytoolkit.org/experiment-library/experiment_navon.html - RT Global level (ms),Q11_2: Navon taak: https://www.psytoolkit.org/experiment-library/experiment_navon.html - RT Local level (ms),Q11_3: Navon taak: https://www.psytoolkit.org/experiment-library/experiment_navon.html - RT No target at all (ms),Q11_4: Navon taak: https://www.psytoolkit.org/experiment-library/experiment_navon.html - EC Global level (errors),Q11_5: Navon taak: https://www.psytoolkit.org/experiment-library/experiment_navon.html - EC Local level (errors),Q11_6: Navon taak: https://www.psytoolkit.org/experiment-library/experiment_navon.html - EC No target at all (errors),Q12_1: Corsi: https://www.psytoolkit.org/experiment-library/experiment_corsi.html - Corsi span,Q13_1: Sustained Attention to Response Task (SART): https://www.psytoolkit.org/experiment-library/experiment_sart.html - Number Go trials,Q13_2: Sustained Attention to Response Task (SART): https://www.psytoolkit.org/experiment-library/experiment_sart.html - Number Go mistakes,Q13_3: Sustained Attention to Response Task (SART): https://www.psytoolkit.org/experiment-library/experiment_sart.html - Go mistakes (%),Q13_4: Sustained Attention to Response Task (SART): https://www.psytoolkit.org/experiment-library/experiment_sart.html - Number No Go trials,Q13_5: Sustained Attention to Response Task (SART): https://www.psytoolkit.org/experiment-library/experiment_sart.html - Number No Go mistakes,Q13_6: Sustained Attention to Response Task (SART): https://www.psytoolkit.org/experiment-library/experiment_sart.html - No Go mistakes (%),Q14_1: N-back taak: https://www.psytoolkit.org/experiment-library/experiment_nback2.html - Percentage correcte matches,Q14_2: N-back taak: https://www.psytoolkit.org/experiment-library/experiment_nback2.html - Percentage missed items,Q14_3: N-back taak: https://www.psytoolkit.org/experiment-library/experiment_nback2.html - Percentage false alarms,Q16_1: Mental Rotation taak: https://www.psytoolkit.org/experiment-library/experiment_mentalrotation.html - Percentage correct,Q16_2: Mental Rotation taak: https://www.psytoolkit.org/experiment-library/experiment_mentalrotation.html - Average time per puzzle,Q18_1: Short revised almost perfect scale (SAPS): https://www.psytoolkit.org/cgi-bin/3.4.4/survey?s=uREnO - Standards:,Q18_2: Short revised almost perfect scale (SAPS): https://www.psytoolkit.org/cgi-bin/3.4.4/survey?s=uREnO - Discrepancy:,Q19_1: Problematic Internet Use Questionnaire (PIUQ): https://www.psytoolkit.org/cgi-bin/3.4.4/survey?s=Xbzs4 - Overall score:,Q19_2: Problematic Internet Use Questionnaire (PIUQ): https://www.psytoolkit.org/cgi-bin/3.4.4/survey?s=Xbzs4 - Obsession,Q19_3: Problematic Internet Use Questionnaire (PIUQ): https://www.psytoolkit.org/cgi-bin/3.4.4/survey?s=Xbzs4 - Neglect,Q19_4: Problematic Internet Use Questionnaire (PIUQ): https://www.psytoolkit.org/cgi-bin/3.4.4/survey?s=Xbzs4 - Control disorder,Q20_1: Perceived Stress Scale (PSS): https://www.psytoolkit.org/cgi-bin/3.4.4/survey?s=hWZu8 - Score:,"Q21_1: The Depression, Anxiety, and Stress Scales with 21 items (DASS-21): https://www.psytoolkit.org/cgi-bin/3.4.4/survey?s=A4fYA - Depression:","Q21_2: The Depression, Anxiety, and Stress Scales with 21 items (DASS-21): https://www.psytoolkit.org/cgi-bin/3.4.4/survey?s=A4fYA - Anxiety:","Q21_3: The Depression, Anxiety, and Stress Scales with 21 items (DASS-21): https://www.psytoolkit.org/cgi-bin/3.4.4/survey?s=A4fYA - Stress:",Q22_1: The State of Self Esteem Scale (SSES): https://www.psytoolkit.org/cgi-bin/3.4.4/survey?s=35Rax - Overal:,Q22_2: The State of Self Esteem Scale (SSES): https://www.psytoolkit.org/cgi-bin/3.4.4/survey?s=35Rax - Performance:,Q22_3: The State of Self Esteem Scale (SSES): https://www.psytoolkit.org/cgi-bin/3.4.4/survey?s=35Rax - Social:,Q22_4: The State of Self Esteem Scale (SSES): https://www.psytoolkit.org/cgi-bin/3.4.4/survey?s=35Rax - Appearance:,Q23_1: Groningen Sleep Quality Questionnaire: https://www.psytoolkit.org/cgi-bin/3.4.4/survey?s=AcKUc - GSQS Score:,Q24_1: Lying in Everyday Situations Scale (LiES): https://www.psytoolkit.org/cgi-bin/3.4.4/survey?s=m5hdy - Relational:,Q24_2: Lying in Everyday Situations Scale (LiES): https://www.psytoolkit.org/cgi-bin/3.4.4/survey?s=m5hdy - Antisocial:,Q24_3: Lying in Everyday Situations Scale (LiES): https://www.psytoolkit.org/cgi-bin/3.4.4/survey?s=m5hdy - Total:,Q25_1: State Adult Attachment Measure (SAAM): https://www.psytoolkit.org/cgi-bin/3.4.4/survey?s=Kd5gA - Security:,Q25_2: State Adult Attachment Measure (SAAM): https://www.psytoolkit.org/cgi-bin/3.4.4/survey?s=Kd5gA - Avoidance:,Q25_3: State Adult Attachment Measure (SAAM): https://www.psytoolkit.org/cgi-bin/3.4.4/survey?s=Kd5gA - Anxiety:,Q26_1: Autism Spectrum Quotient: https://www.psytoolkit.org/cgi-bin/3.4.4/survey?s=cRqHQ - Score:,Q27_1: Verliefdheidstest: https://tests.quest.nl/psychologie/ben-jij-verliefd - Score (aantal punten):,Q28_1: The brief sexual attitudes scale (BSAS): https://www.psytoolkit.org/cgi-bin/3.4.4/survey?s=ut2KR - Permissiveness:,Q28_2: The brief sexual attitudes scale (BSAS): https://www.psytoolkit.org/cgi-bin/3.4.4/survey?s=ut2KR - Birth control:,Q28_3: The brief sexual attitudes scale (BSAS): https://www.psytoolkit.org/cgi-bin/3.4.4/survey?s=ut2KR - Communion:,Q28_4: The brief sexual attitudes scale (BSAS): https://www.psytoolkit.org/cgi-bin/3.4.4/survey?s=ut2KR - Instrumentality:,"Q30_1: Drinking Motives Questionnaire, Revised (DMQ-R): https://www.psytoolkit.org/cgi-bin/3.4.4/survey?s=UqsX3s=WbPVj - Social motives score:","Q30_2: Drinking Motives Questionnaire, Revised (DMQ-R): https://www.psytoolkit.org/cgi-bin/3.4.4/survey?s=UqsX3s=WbPVj - Coping motives score:","Q30_3: Drinking Motives Questionnaire, Revised (DMQ-R): https://www.psytoolkit.org/cgi-bin/3.4.4/survey?s=UqsX3s=WbPVj - Enhancement motives score:","Q30_4: Drinking Motives Questionnaire, Revised (DMQ-R): https://www.psytoolkit.org/cgi-bin/3.4.4/survey?s=UqsX3s=WbPVj - Social pressure and confirmity motives:",Q32: Hoeveel uur sociale media gebruikt u per dag?,Q33: Hoeveel tijd besteed u dagelijks gemiddeld aan het bekijken van reels/shorts/tiktoks?,Q34: Wat is uw schermtijd gemiddeld per dag? (Afgerond in hele uren),Q35: Waar gebruikt u uw telefoon het meeste voor?,Q36_1_10: Welke sociale media platformen gebruikt u en hoeveel uur? - Youtube - Aantal uren (bij geen gebruik vul 0 in),Q36_2_10: Welke sociale media platformen gebruikt u en hoeveel uur? - TikTok - Aantal uren (bij geen gebruik vul 0 in),Q36_3_10: Welke sociale media platformen gebruikt u en hoeveel uur? - Instagram - Aantal uren (bij geen gebruik vul 0 in),Q36_4_10: Welke sociale media platformen gebruikt u en hoeveel uur? - Facebook - Aantal uren (bij geen gebruik vul 0 in),Q36_5_10: Welke sociale media platformen gebruikt u en hoeveel uur? - LinkedIn - Aantal uren (bij geen gebruik vul 0 in),Q36_6_10: Welke sociale media platformen gebruikt u en hoeveel uur? - Snapchat - Aantal uren (bij geen gebruik vul 0 in),"Q36_7_TEXT: Welke sociale media platformen gebruikt u en hoeveel uur? - Anders, namelijk: - Text","Q36_7_10: Welke sociale media platformen gebruikt u en hoeveel uur? - Anders, namelijk: - Aantal uren (bij geen gebruik vul 0 in)",Q37_1: Stellingen over reels/tiktoks/shors - Ik heb het gevoel dat ik op automatische piloot sta zonder veel aandacht voor wat ik doe,Q37_2: Stellingen over reels/tiktoks/shors - Ik merk mijn gevoelens en emoties niet op totdat ze mijn aandacht opeisen,Q37_3: Stellingen over reels/tiktoks/shors - Ik ben zelden bezig met wat ik aan het doen ben; mijn gedachten zijn meestal ergens anders,Q37_4: Stellingen over reels/tiktoks/shors - Ik doe dingen zonder echt bewust te zijn van wat ik doe,Q38: Hoeveel uur per week speelt u games?,Q39: Speelt u FPS games (First Person Shooter)?,Q40: Welke type games speelt u? - Selected Choice,"Q40_9_TEXT: Welke type games speelt u? - Anders, namelijk: - Text",Q41: Hoeveel uur sport u gemiddeld per week?,Q42: Hoe vaak per week spendeert u aan fysieke activiteit?,Q43: Wat voor sport/activiteit doet u?,Q44: Hoe lang duurt een gemiddelde sessie van de fysieke activiteit?
Door op deze knop te klikken geef ik toestemming om mijn gegevens te laten gebruiken voor onderzoeksdoeleinden.,Man,22,A,251,266,,,,,,,,,,,,,,,,,,,,,,,,,,,,,,,,,,,,,,,,,,,,,,,,,,,,,,,,,30min,15min,5,"bellen, videobellen, linkedin",0,0,0.2,0,1,0,,,Zelden,Zelden,Zelden,Zelden,2,2,"Shooter (Call of Duty, Siege, Fortnite)",,6,3-4 keer,"fietsen, gym",30-60 minuten
Door op deze knop te klikken geef ik toestemming om mijn gegevens te laten gebruiken voor onderzoeksdoeleinden.,Man,20,B,290,0,440,0,625,763,138,0,304,825,802,842,0,1,0,6,16,0,0,2,2,100,75,25,15,87,2997,14,19,61,19,22,20,34,26,26,28,62,27,18,17,3,3,5,2,3.86,5,4,7,68,1,3.67,2.6,1,4.1,5.22,2.3,3.8,2,1,2,filmpjes kijken,1,1,,,,,,,Vaak,Soms,Vaak,Zelden,2,ja,"Shooter (Call of Duty, Siege, Fortnite)",,2,1-2 keer,fitness,30-60 minuten
Door op deze knop te klikken geef ik toestemming om mijn gegevens te laten gebruiken voor onderzoeksdoeleinden.,Man,21,B,138,0,390,5,725,789,64,0,210,921,829,792,4,1,1,6,16,1,5,3,3,100,100,0,0,73,1323,15.0,19.0,53.0,20.0,19.0,14.0,24.0,24.0,24.0,22,114,24,16,17,1,3.0,2.0,4.0,4.43,4.57 ,4.3,5,54,1.89,2.37,2.0,1.2,2.3,1.3,3.0,1.7,1,0,4,Werk,1,,,,,1,,,Vaak,Vaak,Soms,Vaak,2,Ja,"Shooter (Call of Duty, Siege, Fortnite),Sport (Fifa, NBA, Tennis)",,8,5 keer of meer,"Rennen, voetballen, boksen",1-2 uur
Door op deze knop te klikken geef ik toestemming om mijn gegevens te laten gebruiken voor onderzoeksdoeleinden.,Vrouw,20,A,313,0,382,0,640,766,126,1,"367,75",675,690,767,0,0,0,6,16,0,0,2,0,0,100,0,6,87,1782,24.0,5.0,62.0,17.0,21.0,24.0,27.0,6.0,16.0,16.0,79.0,29.0,30.0,20.0,10.0,36.0,33.0,69.0,7.0,2.29,4.14,5.0,20,2.44,1.67,2.8,3.6,21.0,17.0,20.0,5.0,6,5,7,tiktok,1,3,1,0,0,1,,,Vaak,Zelden,Soms,Vaak,0,nee,Geen,,3,5 keer of meer,fietsen,Minder dan 30 minuten
Door op deze knop te klikken geef ik toestemming om mijn gegevens te laten gebruiken voor onderzoeksdoeleinden.,Man,22,A,350,0,543,10,714,793,79,0,423,772,743,870,0,1,0,6,16,0,0,2,1,50,60,40,20,1000,2833,21,7,37,7,15,15,15,0,4,2,92,31,33,28,4.0,10,8,18,7,1.29,3.86,1,28,3.11,1.33,1.6,3.6,18,9,19,5,5,3,5,"Contacten, scrollen",2,0,2,1,0.5,0.5,Reddit,1,Vaak,Soms,Vaak,Vaak,0,0,Geen,,3,1-2 keer,Voetbal,1-2 uur
Door op deze knop te klikken geef ik toestemming om mijn gegevens te laten gebruiken voor onderzoeksdoeleinden.,Man,20,A,298,0,349,10,441,595,154,0,346,782,884,850,0,5,0,6,200,6,3,25,19,76,91,9,0,87,1468,17,15,31,6,13,12,18,10,0,4,82,34,30,18,8,36,13,49,4,4.29,3.14,10,25,2.89,1,3,3.6,16,6,18,5,3,2,3,Sociale media en berichten versturen,1,0,4,0,0,0,,,Soms,Nooit,Zelden,Nooit,8,Nee,"Anders, namelijk:",League of Legends,6,3-4 keer,"Fitness, Kickboksen",1-2 uur
Door op deze knop te klikken geef ik toestemming om mijn gegevens te laten gebruiken voor onderzoeksdoeleinden.,Man,24,B,295,0,447,25,575,655,80,1,360,655,599,697,5,0,1,7,200,0,0,25,18,72,100,0,33,80,1684,19,18,42,10,16,16,22,14,2,8,75,25,25,20,5,27,17,44,5.57,3.86,3.43,3,40,2.44,1.33,2.4,2.4,13,7,10,6,4,2,6,Social media,2,0,2,0,0,0,,,Vaak,Zelden,Soms,Zelden,10,Soms,"Avontuur (Spyro, Sly Cooper, Jak and Dexter),Shooter (Call of Duty, Siege, Fortnite),Strategie (Total war, Civilization)",,7,3-4 keer,Sportschool,1-2 uur
Door op deze knop te klikken geef ik toestemming om mijn gegevens te laten gebruiken voor onderzoeksdoeleinden.,Man,21,B,257,0,377,0,688,629,-59,1,200,924,743,805,5,3,3,8,16,2,13,2,2,100,40,60,5,87,1294,10,6,18,6,6,6,26,8,12,10,91,31,35,25,12,29,24,53,4,3.86,1.29,5,35,2.67,1.67,3,3.4,5,5,5,5,0.5,0,2,Muziek,0,0,0,0,0,0,,,Nooit,Nooit,Nooit,Nooit,5,Ja,"Shooter (Call of Duty, Siege, Fortnite),Strategie (Total war, Civilization),Sport (Fifa, NBA, Tennis)",,5,1-2 keer,Voetbal,1-2 uur
Door op deze knop te klikken geef ik toestemming om mijn gegevens te laten gebruiken voor onderzoeksdoeleinden.,Man,20,A,281,0,355,10,542,734,192,1,6961,603,697,702,4,4,0,6,16,0,0,2,0,0,80,20,0,93,1639,12,12,49,13,18,18,26,12,10,6,63,23,26,14,2,37,17,54,4.71,4.86,5.14,2,31,3.67,1.33,3.0,3.0,15,6,7,7,3,2,4,social media,1,3,1,0,0,2,,,Zelden,Zelden,Vaak,Soms,10,ja,"Shooter (Call of Duty, Siege, Fortnite),Anders, namelijk:",rocket league,2,1-2 keer,"parel, golf, tennis",1-2 uur
Door op deze knop te klikken geef ik toestemming om mijn gegevens te laten gebruiken voor onderzoeksdoeleinden.,Man,20,B,269,0,381,15,500,644,144,0,296,619,718,657,3,2,0,8,16,0,0,2,0,0,100,0,0,80,1988,8,8,47,16,17,14,40,34,24,22,42,17,12,13,2,36,19,55,4.14,4.29,6.14,6,18,1.44,1.33,1.4,2.4,15,16,20,8,4,2,15,Whatsapp,3,1,1,0,0,0.1,,,Zelden,Nooit,Soms,Soms,15,ja,"Avontuur (Spyro, Sly Cooper, Jak and Dexter),Shooter (Call of Duty, Siege, Fortnite),Puzzel (Escape room, Heart Stone, Human fall flat),Coop games (A way out, It takes two, Hunt),Anders, namelijk:",Sim,0,Nooit,niks,Minder dan 30 minuten
Door op deze knop te klikken geef ik toestemming om mijn gegevens te laten gebruiken voor onderzoeksdoeleinden.,Man,20,B,262,0,368,0,654,870,216,0,332,678,574,660,3,1,1,6,16,1,6,2,1,50,71,29,33,87,1911,20.0,23.0,42,11,15,16,31,24,8,24,53,22,17,14,4,30,7,37,4.29,3.0,4.43,1.0,43,3.0,1.67,2.8,3.8,5.0,5.0,5.0,5.0,5,1.5 uur,6,YouTube kijken,3,0,2,0,0.1,0.2,,,Vaak,Vaak,Vaak,Vaak,12,Ja,"Avontuur (Spyro, Sly Cooper, Jak and Dexter),Shooter (Call of Duty, Siege, Fortnite),Sport (Fifa, NBA, Tennis),Anders, namelijk:",,3,5 keer of meer,Voetbal,1-2 uur
Door op deze knop te klikken geef ik toestemming om mijn gegevens te laten gebruiken voor onderzoeksdoeleinden.,Vrouw,21,A,304,0,394,0,756,870,114,1,"386,15",681,825,815,1,2,0,5,16,0,0,2,0,0,100,0,0,87,1389,28,16,32,9,12,11,19,0,4,8,83,29,30,24,5,36,7,43,4.86,2.71,3.29,3,17,3.11,2,2,2.6,9,6,8,5,2,2,4,"instagram
tiktok
",0,1,2,0,0,1,,,Nooit,Nooit,Nooit,Nooit,0,nee,"Anders, namelijk:",bordspellen,3,3-4 keer,fitness,30-60 minuten
Door op deze knop te klikken geef ik toestemming om mijn gegevens te laten gebruiken voor onderzoeksdoeleinden.,Man,19,B,248,0,349,0,948,856,-92,0,338,802,884,816,0,1,0,8,200,0,0,25,7,28,100,0,0,100,1978,17,12,38,7,15,16,18,2,0,6,80,29,29,22,8,27,14,41,4.86,1.86,3.86,3,20,2.78,2.33,3.0,3.2,8,5,8,6,3,2,7,Communicatie,0,1,2,0,0,1,,,Nooit,Nooit,Nooit,Nooit,15,Soms,"Shooter (Call of Duty, Siege, Fortnite),Race (F1, Forza, Gran Turismo, Mario Kart),Sport (Fifa, NBA, Tennis),Coop games (A way out, It takes two, Hunt)",,1,1-2 keer,Karten,Minder dan 30 minuten
Door op deze knop te klikken geef ik toestemming om mijn gegevens te laten gebruiken voor onderzoeksdoeleinden.,Man,21,B,289,0,414,5,557,604,47,1,344,692,785,810,1,5,4,6,16,1,6,2,1,50,83,17,5,93,1809,21.0,14.0,45.0,14.0,16.0,15.0,27.0,2.0,6.0,4.0,79.0,29.0,27.0,23.0,1.0,4.0,1.0,5.0,6.0,4.14,5.0,1.0,32,1.56,2.0,1.0,1.2,20.0,14.0,19.0,8.0,6,4,8,sociale media,0,3,0.5,0,0,0.5,,0,Altijd,Soms,Soms,Nooit,0,0,Geen,,7,3-4 keer,sportschool,1-2 uur
Door op deze knop te klikken geef ik toestemming om mijn gegevens te laten gebruiken voor onderzoeksdoeleinden.,Man,20,B,288,0,418,5,497,616,119,0,449,652,560,756,1,5,1,5,200,1,1,25,19,76,68,38,0,100,1396,19,14,43,12,14,17,24,12,6,4,67,29,18,20,5,18,7,25,5,2,1.86,1,26,2.78,2.33,3,2.6,22,12,3,2.6,2,0.25 uur,5,Youtube,1.5,0,0.25,0,0,0.1,,,Soms,Soms,Zelden,Soms,6,0,"Strategie (Total war, Civilization),Sport (Fifa, NBA, Tennis)",,4,3-4 keer,Fitness,1-2 uur
Door op deze knop te klikken geef ik toestemming om mijn gegevens te laten gebruiken voor onderzoeksdoeleinden.,Man,20,B,224,0,374,5,736,812,76,1,337,699,555,781,0,6,1,6,16,0,0,2,1,50,50,50,8,73,993,23.0,25.0,43.0,10.0,16.0,17.0,27.0,2.0,6.0,8.0,66.0,25.0,18.0,23.0,8.0,5.0,1.0,6.0,5.57,3.43,4.71,3.0,40,1.22,1.0,1.0,1.0,22.0,17.0,21.0,11.0,5,2,6,Sociale media,,,3,,,1,What's app,2,Zelden,Zelden,Zelden,Zelden,7,Ja,"Shooter (Call of Duty, Siege, Fortnite),Sport (Fifa, NBA, Tennis)",,3,1-2 keer,GYM,30-60 minuten
Door op deze knop te klikken geef ik toestemming om mijn gegevens te laten gebruiken voor onderzoeksdoeleinden.,Man,23,B,239,0,415,0,735,860,125,1,300,869,718,732,0,5,0,6,100,3,3,10,9,90,91,9,0,87,1186,18,14,33,10,11,12,23,2,12,2,73,26,25,22,12,32,21,53,5,4.29,3.57,1,32,2.67,2,3,2.6,12,13,18,10,2,1.5,5,Dingen bekijken,1,,1,,,,,,Soms,Soms,Soms,Soms,0,nee,"Anders, namelijk:",sudoku,3,1-2 keer,voetbal,1-2 uur
Door op deze knop te klikken geef ik toestemming om mijn gegevens te laten gebruiken voor onderzoeksdoeleinden.,Man,20,A,224,0,449,0,834,794,-40,0,352,744,738,758,1,5,1,7,16,0,0,2,0,0,100,0,0,87,1006,19.0,10.0,37.0,7.0,15.0,15.0,21.0,4.0,20.0,10.0,86.0,31.0,29.0,26.0,8.0,21.0,16.0,37.0,6.43,2.29,3.14,1.0,29,2.56,2.0,2.0,2.4,8.0,5.0,7.0,5.0,3,3,6,"WhatsApp, social media ",0,2,1,0,0,0,,,Soms,Soms,Zelden,Zelden,1,Soms,"Shooter (Call of Duty, Siege, Fortnite)",,2,1-2 keer,basketbal,30-60 minuten
Door op deze knop te klikken geef ik toestemming om mijn gegevens te laten gebruiken voor onderzoeksdoeleinden.,Vrouw,23,A,269,0,417,0,807,1074,270,10000,9013,720,815,896,1,2,0,6,16,0,0,2,0,0,100,0,0,93,2012,26,19,43,7,16,20,15,2,0,10,89,32,33,24,4,26,14,40,5.29,1.86,2.29,2,0,3.89,1,2.8,3.2,5,5,5,5,3,2,4,Whats app / muziek,1,1,"0,5",0,0,"0,1",,,Vaak,Zelden,Zelden,Zelden,0,0,Geen,,0,Nooit,,Minder dan 30 minuten
Door op deze knop te klikken geef ik toestemming om mijn gegevens te laten gebruiken voor onderzoeksdoeleinden.,Man,19,B,254,0,399,5,750,804,54,1,324,663,792,831,3,2,1,7,16,0,0,2,2,100,88,13,0,87,1139,22,21,29,8,12,9,23,0,2,6,75,30,26,19,2,27,11,38,6.57,1.57,3.71,3,32,3.22,1,2.4,3,16,7,8,5,"2,5","1,5 uur",5,Communicatie,1,1,1,0,0,0,,,Soms,Zelden,Nooit,Zelden,15,Ja,"Shooter (Call of Duty, Siege, Fortnite),Race (F1, Forza, Gran Turismo, Mario Kart),Anders, namelijk:","RPG: Pok√©mon, MOBA: League Of Legends",2,1-2 keer,Padel,1-2 uur
Door op deze knop te klikken geef ik toestemming om mijn gegevens te laten gebruiken voor onderzoeksdoeleinden.,Vrouw,20,A,287,0,409,0,819,927,108,0,"333,4",988,1183,1261,3,6,1,7,16,0,0,2,2,100,67,33,6,93,1285,22,21,38,7,20,11,30,12,10,16,70,25,25,20,1,16,7,23,6.57,2.0,4.57,4,0,3.78,1.67,1.6,3.2,0,0,0,0,1,1,2,Whatsapp,1,0,0,0,0,0,,,Soms,Soms,Vaak,Soms,0,Nee,Geen,,Idk,3-4 keer,Wandelen/hardlopen,30-60 minuten
Door op deze knop te klikken geef ik toestemming om mijn gegevens te laten gebruiken voor onderzoeksdoeleinden.,Vrouw,27,B,406,0,569,5,949,1251,302,1,"409,3",953,1133,1019,3,3,4,4,16,1,6,2,2,100,71,29,0,87,1358,28,28,41,9,15,17,40,20,32,22,70,25,25,20,8,22,7,29,6.29,4,6.57,5,43,3.78,2.67,1.4,2.6,19,11,13,5,4 uur,"1,5 uur",5 uur,"Whatsapp, tiktok",,2,1,,,,,,Vaak,Vaak,Vaak,Vaak,0,nee,Geen,,4 uur,1-2 keer,"pilates, barre",30-60 minuten
Door op deze knop te klikken geef ik toestemming om mijn gegevens te laten gebruiken voor onderzoeksdoeleinden.,Man,19,A,113,0%,310,12%,535,670,135,0,255ms,468,570,596,9,3,0,5,225,15,6.67,75,5,6.67,80,20,10,53,1944,22,15,34,8,15,11,19,4,3,5,70,65,72,68,8,19,7,26,6.71,1.14,2.43,1,30,3.22,1.33,1.8,3.4,15,9,22,5,2,1,3,appen/insta/spotify/youtube,1,,1,,,,,,Zelden,Zelden,Zelden,Zelden,21,nee,"Anders, namelijk:","Souls Games, MOBA",5,1-2 keer,Voetbal en fitness,1-2 uur
Door op deze knop te klikken geef ik toestemming om mijn gegevens te laten gebruiken voor onderzoeksdoeleinden.,Vrouw,23,B,347,0,552,0,1040,1107,67,1,"322,2",959,997,982,1,0,5,7,200,4,2,25,12,48,91,9,7,80,1335,19,11,47,11,17,19,30,6,6,12,72,25,29,18,4,25,7,32,6.43,2.14,2.29,6,27,3.22,2,3.2,3.2,11,7,6,5,3,2,3,Instagram,0,0,1.5,0,0,0,,,Vaak,Vaak,Soms,Soms,0,nee,"Race (F1, Forza, Gran Turismo, Mario Kart),Puzzel (Escape room, Heart Stone, Human fall flat)",,2,1-2 keer,"Sportschool, fietsen, wandelen",30-60 minuten
Door op deze knop te klikken geef ik toestemming om mijn gegevens te laten gebruiken voor onderzoeksdoeleinden.,Vrouw,21,A,261,0,605,25,848,959,111,1,347,754,740,887,2,3,0,6,16,3,3,4,2,80,78,22,25,87,1608,21,21,42,8,17,17,28,18,8,20,56,23,18,15,0,27.0,7.0,34.0,5.71,2.14,6.86,2,1,4.56,1.67,2.4,4.8,0,0,0,0,7,4,8,sociale contacten sociale meda,1,4,0,0,0,6,,,Vaak,Vaak,Vaak,Soms,1,0,"Anders, namelijk:",TFT - league ,3,1-2 keer,paardrijden & dansen,30-60 minuten
Door op deze knop te klikken geef ik toestemming om mijn gegevens te laten gebruiken voor onderzoeksdoeleinden.,Man,20,B,219,0,404,10,763,928,165,0,230,719,766,898,2,3,0,6,16,0,0,2,0,0,88,13,6,87,1192,20,16,41,10,14,17,9,8,4,6,70,25,25,20,5,25,7,32,5.71,4.0,1.86,7.0,32,4.44,1,4,3.4,19,5,9,6,7,2,4,Youtube videos kijken en whatsappen,3,0,2,0,0,0,,,Vaak,Soms,Vaak,Soms,6,Ja,"Shooter (Call of Duty, Siege, Fortnite),Puzzel (Escape room, Heart Stone, Human fall flat),Coop games (A way out, It takes two, Hunt),Anders, namelijk:",RPG: pokemon,15,5 keer of meer,"Gym, voetbal, padel",1-2 uur
Door op deze knop te klikken geef ik toestemming om mijn gegevens te laten gebruiken voor onderzoeksdoeleinden.,Vrouw,23,A,264,0%,346,5%,620,876,256,0,"279,9",696,722,762,1,0,0,7,200,1,1,25,7,28,83,17,11,87,1678,23.0,17.0,30.0,8.0,11.0,11.0,26.0,4.0,0.0,6.0,59.0,20.0,19.0,20.0,2.0,31.0,7.0,38.0,5.29,4.29,4.29,2.0,20,2.56,2.33,2.6,2.2,13.0,9.0,7.0,5.0,6,1,10,"whatsapp, sociale media, dingen opzoeken op internet",0,0,3,0.5,0.5,1,,,Soms,Soms,Zelden,Soms,0,nee,Geen,,6,3-4 keer,Basketbal,1-2 uur
Door op deze knop te klikken geef ik toestemming om mijn gegevens te laten gebruiken voor onderzoeksdoeleinden.,Man,19,B,295,0,482,5,873,10772,204,0,"577,48",638,952,899,1,1,0,6,16,0,0,2,0,0,63,38,0,87,1754,21,17,30,11,15,14,32,22,14,16,51,19,15,17,10,29,20,49,3.57,4,"4,71",4,20,4.33,2.67,3,4.4,0,0,0,0,5,4,5,Sociale media,0.5,4,0,0,0,0,,,Altijd,Vaak,Vaak,Soms,2,Nee,"Sport (Fifa, NBA, Tennis)",,4,1-2 keer,Gewichtstraining,30-60 minuten
Door op deze knop te klikken geef ik toestemming om mijn gegevens te laten gebruiken voor onderzoeksdoeleinden.,Man,21,B,256,0,468,25,495,567,72,0,369.5,836,706,650,6,4,1,5,16,0,0,2,0,0,78,22,13,87,894,23,9,26.0,7.0,11.0,8.0,12.0,2.0,6.0,10.0,80,29,26,20,0.0,17.0,7.0,24.0,5.29,2.71,4.14,,2.0,1.78,1.33,2.4,3.4,10.0,5.0,16.0,6.0,2,2,4,"sociaal, werk",0,1,1,0,1,3,,,Soms,Nooit,Soms,Nooit,0,0,Geen,,1,1-2 keer,lopen,1-2 uur
Door op deze knop te klikken geef ik toestemming om mijn gegevens te laten gebruiken voor onderzoeksdoeleinden.,Man,22,A,256,0,354,5,698,808,110,0,303.55,662,855,791,1,4,0,6,16,0,0,2,2,100,100,0,14,100,1426,19,12,40,13,13,14,24,4,8,8,69,24,25,20,5,29,12,41,4.57,2,4.29,1,35,3.67,1.67,2.6,2.8,21,21,18,8,6 uur,2 uur,8 uur,Social media,1,2,1,0,0.5,1,,,Soms,Zelden,Zelden,Zelden,1,Nee,"Strategie (Total war, Civilization),Puzzel (Escape room, Heart Stone, Human fall flat)",,7 uur,3-4 keer,"Gym, basketbal, racketsporten",1-2 uur
Door op deze knop te klikken geef ik toestemming om mijn gegevens te laten gebruiken voor onderzoeksdoeleinden.,Man,22,A,275,0,394,0,1029,893,-136,0,396.3,905,799,825,1,2,1,6,16,0,0,2,1,50,100,0,6,87,1464,23,19,50,16,18,16,29,16,16,14,55,24,14,17,5,30,10,40,4.71,6.14,2.0,4,10,2.33,2.33,4,3.8,6,5,5,5,2,0.1,10,Social medie en mobile games,3,0,0.1,0,0,0.2,Discord,1,Soms,Altijd,Vaak,Soms,30,nee,"Strategie (Total war, Civilization),Anders, namelijk:",MOBA,4,3-4 keer,fitness,30-60 minuten
Door op deze knop te klikken geef ik toestemming om mijn gegevens te laten gebruiken voor onderzoeksdoeleinden.,Man,20,B,249,0,369,15,683,780,97,0,284.95,825,782,783,1,1,0,7,200,0,0,25,2,8,100,0,37,87,1760,21,19.0,36.0,6.0,18.0,12.0,12,2,2,8,85,31,30,24,9,27,46,73,5.57,3.86,1.71,2,11,3,1.33,3.2,3.0,5,5,5,5,3 uur en 6 minuten,1 uur en 8 minuten,5,Social media ,0,1,1,0,0,1,X,2,Vaak,Nooit,Vaak,Zelden,6,NEE,"Avontuur (Spyro, Sly Cooper, Jak and Dexter),Shooter (Call of Duty, Siege, Fortnite),Sport (Fifa, NBA, Tennis)",,7,5 keer of meer,Fitness,1-2 uur
Door op deze knop te klikken geef ik toestemming om mijn gegevens te laten gebruiken voor onderzoeksdoeleinden.,Man,21,B,248,0,200,0,342,5.3,13,15,7.8,241,230,230,15,8,23,0,12,25,60,3,34,43,15,14,15,35,3,3,4,10,4,5,5,15,2,1,1,8,8,6,12,4,4,4,5,6,1,4,14,12,2,1,1,2,3,4,3,4,1,0,14,Het beleln en beluisteren van muziek of lezingen.,10,0,0,0,0,0,,,Soms,Soms,Soms,Soms,0,0,Geen,,1,1-2 keer,Push-ups,Minder dan 30 minuten
Door op deze knop te klikken geef ik toestemming om mijn gegevens te laten gebruiken voor onderzoeksdoeleinden.,Dat zeg ik liever niet,22,A,240,0,300,0,677,859,182,1,,520,525,590,2,5,0,15,16,0,0,2,0,0,100,0,0,93,1677,27,15,61,19,21,21,30,32,26,18,69,22,25,22,3,12,7,19,3.86,4.14,4.57,4,25,4.56,1.33,2.6,4.2,5,5,5,5,12,3,5,SM,2,0,2,0,0,1,,,Nooit,Nooit,Nooit,Nooit,30,10,"Shooter (Call of Duty, Siege, Fortnite),Race (F1, Forza, Gran Turismo, Mario Kart),Sport (Fifa, NBA, Tennis),Anders, namelijk:",Leagueeeeee offff legenndssssssss,5,3-4 keer,Gym/hardlopen,30-60 minuten
Door op deze knop te klikken geef ik toestemming om mijn gegevens te laten gebruiken voor onderzoeksdoeleinden.,Vrouw,23,B,296,0,493,5,892 ms,969 ms,77 ms,0,390.4,896,962,1010,1,1,0,4,16,0,0,2,1,50,100,0,14,67,1442,23.0,24.0,45.0,9.0,15.0,21.0,34,4.0,4.0,12.0,65,20,24,21,0.0,36.0,14.0,50.0,4.0  ,3.43  ,4.0,3.0,32,5.0,1.67,3.0,4.6,6.0,5.0,5.0,5.0,5,4 uur ,4 uur ,TikTok,5,1,1,0,0,0,,,Vaak,Vaak,Vaak,Vaak,0,Nee ,Geen,,2,1-2 keer,Hardlopen ,1-2 uur
Door op deze knop te klikken geef ik toestemming om mijn gegevens te laten gebruiken voor onderzoeksdoeleinden.,Man,20,A,231,0,331,5%,595,658,63,0,292,635,644,661,1,1,1,9,200,0,0,39,7,18%,100,0,0,87,912,17,10,37,12,14,11,6,2,0,0,81,27,30,24,6,27,7,34,6.57,1.29,3.14,2,30,3.78,1.67,2.6,3.4,11,6,5,6,5,2,8,Socializen met mensen,0,1,2,0,0,0,X,2,Vaak,Nooit,Zelden,Zelden,30,Zelden Valorant,"Avontuur (Spyro, Sly Cooper, Jak and Dexter),Strategie (Total war, Civilization),Anders, namelijk:","MOBA(Dota 2), Roguelite",3,3-4 keer,Gym,1-2 uur
Door op deze knop te klikken geef ik toestemming om mijn gegevens te laten gebruiken voor onderzoeksdoeleinden.,Man,20,B,248,0,354,25,616,780,164,2,310,583,544,621,5,2,0,6,16,0,0,2,0,0,83,17,11,87,1187,22,14,40,9,15,16,20,2,0,2,76,28,28,20,4,30,8,38,5.57,3,4.57,4,40,3.11,2.33,2,3.2,15,6,12,5,4,3,5,"Social media, berichten sturen",1,3,0.5,0,0,0.5,,,Vaak,Nooit,Soms,Zelden,3,Ja,"Avontuur (Spyro, Sly Cooper, Jak and Dexter),Shooter (Call of Duty, Siege, Fortnite),Race (F1, Forza, Gran Turismo, Mario Kart),Sport (Fifa, NBA, Tennis)",,8,3-4 keer,Gym en tennis,1-2 uur
Door op deze knop te klikken geef ik toestemming om mijn gegevens te laten gebruiken voor onderzoeksdoeleinden.,Man,21,B,199,0%,301,5%,433,479,46,1,267.75,649,600,624,5,3,3,8,200,15,8,25,18,72,100%,0%,27%,87,1000,24,18,50,11,19,20,38,6,10,28,70,26,16,20,6,29,14,41,3.29,5.57,3.71,8.0,37,3.44,1.67,1.2,3.2,24,10,23,5,1.5,1.5 uur,4,Chatten en Insta Reels,0.5,0,1.5,0,0,0.5,,0,Altijd,Altijd,Altijd,Altijd,12,Nee,"Avontuur (Spyro, Sly Cooper, Jak and Dexter),Strategie (Total war, Civilization)",,8,3-4 keer,Fitness en voetbal,1-2 uur
Door op deze knop te klikken geef ik toestemming om mijn gegevens te laten gebruiken voor onderzoeksdoeleinden.,Man,22,A,252,0,331,10,894,1148,254,2,286,774,1005,949,4,4,0,7,200,5,3,25,19,76,100,0,19,87,1895,24,18,42,8,15,19,25,4,4,12,86,29,30,27,8,8,10,18,5,3.29,5.29,4,34,3.78,3,1.6,4.4,6,5,9,5,2,2,2,social media,2,0,2,0,0.5,0,,,Vaak,Soms,Soms,Soms,0,0,Geen,,15,5 keer of meer,atletiek,Meer dan 2 uur
Door op deze knop te klikken geef ik toestemming om mijn gegevens te laten gebruiken voor onderzoeksdoeleinden.,Man,21,A,242,0,277,25,513,589,76,0,276,528,530,593,2,5,0,6,16,0,0,2,2,100,100,0,11,80,1159,19,14,33,6,12,15,27,6,16,16,87,30,32,25,0,12,7,19,6.29,1.29,3.14,2,0,1,2.67,1.6,2.6,19,8,17,7,1,1,4,praktische zaken,2,0,0,0,0,0,,,Soms,Soms,Soms,Soms,15,ja,,,0,Nooit,-,30-60 minuten
Door op deze knop te klikken geef ik toestemming om mijn gegevens te laten gebruiken voor onderzoeksdoeleinden.,Vrouw,21,B,268,0,412,5,787,889,102,2,306.5,888,940,1070,2,1,2,6,200,3,2,25,18,72,56,44,13,80,1229,23.0,17.0,56.0,13.0,22.0,21.0, 29.0,8.0,4.0,14.0,72.0,29.0,24.0,19.0,8.0,16.0,8.0,24.0,5.86,3.43,3.71,5.0,25,4.44,3.0,3.8,4.8,5.0,5.0,5.0,5.0,6,4,7,social media,4,0,0,0,1,1,,,Soms,Zelden,Soms,Soms,0,0,Geen,,1,3-4 keer,pilates,Minder dan 30 minuten
Door op deze knop te klikken geef ik toestemming om mijn gegevens te laten gebruiken voor onderzoeksdoeleinden.,Man,22,B,276,0,361,0,687,804,117,0,337,767,759,712,1,2,1,7,200,1,1,25,8,32,88,13,6,87,1590,18,12,41,8,17,16,14,0,4,0,84,32,23,29,3,8,8,16,6.57,1.57,1.71,1,10,1.56,2.33,3,3,5,5,5,5,2,1,3,whatsapp,1,0,0,0,0,0,whatsapp,1,Soms,Zelden,Zelden,Nooit,2,nee,"Strategie (Total war, Civilization)",,5,5 keer of meer,gym en cardio,30-60 minuten
Door op deze knop te klikken geef ik toestemming om mijn gegevens te laten gebruiken voor onderzoeksdoeleinden.,Man,25,D,500,0,508,0,1219,1129,-90,0,354,1547,1509,1209,7,6,13,6,16,1,6,2,2,100,67,33,0,87,1598,23,13,33,7,14,12,6,2,4,2,78,26,31,21,1,19,9,28,6.86,2.57,1.57,2,13,1.67,1,2.4,2.2,19,10,14,5,0,1,5,Voor whatsapp en youtube filmpjes,2,0,0,0,0,0,,,Vaak,Nooit,Vaak,Zelden,12,Nee,"Strategie (Total war, Civilization)",,2,1-2 keer,Fitness,30-60 minuten
Door op deze knop te klikken geef ik toestemming om mijn gegevens te laten gebruiken voor onderzoeksdoeleinden.,Man,23,D,254,0,373,1,998,1049,51,1,313,702,627,805,1,2,0,7,200,0,0,25,4,16%,71%,29%,11%,93%,1660,24.0,20.0,35,10,11,14,36,20,14,22,55,21,19,15,10,24,7,31,4.14,4.57,2.57,2,29,4.56,3.0,2.0,4.4,19,20,15,6,1,0,3,Youtube en whatsapp,1,0,0,0,0,0,Reddit,0,Nooit,Nooit,Nooit,Nooit,0,0,Geen,,4 uur,3-4 keer,Fitness,1-2 uur
Door op deze knop te klikken geef ik toestemming om mijn gegevens te laten gebruiken voor onderzoeksdoeleinden.,Man,22,D,282,0,396,0,918,890,-28,1,256,485,544,527,0,1,1,8,16,0,0,2,1,50,100,0,6,93,1351,26,23,38,9,14,15,21,2,2,6,79,29,24,26,3,22,7,29,7,1.86,4.43,4,20,3.22,2.33,3,3.6,19,9,13,8,2.5,2,5,contact met andere en entertainment,1,1,1,,.5,.5,whatsapp,1,Vaak,Vaak,Vaak,Soms,6,ja,"Shooter (Call of Duty, Siege, Fortnite),Race (F1, Forza, Gran Turismo, Mario Kart),Sport (Fifa, NBA, Tennis)",,6,3-4 keer,"hardlopen, sportschool",30-60 minuten
Door op deze knop te klikken geef ik toestemming om mijn gegevens te laten gebruiken voor onderzoeksdoeleinden.,Man,20,D,232,0,430,15,938,716,-222,0,332.2,693,634,669,1,2,0,7,16,0,0,2,1,50,71,29,0,100,3087,27,21,37,11,13,13,24,18,14,18,77,25,25,20,5,22,10,32,4.43,5,6.29,4,54,4.89,1.0,2.2,2.8,16,7,12,6,1,30 min hooguit,3 uur,"Appjes, werk en youtube",2,0,0,0,0.1,0.9,,,Nooit,Zelden,Zelden,Zelden,20,Ja,"Shooter (Call of Duty, Siege, Fortnite),Race (F1, Forza, Gran Turismo, Mario Kart),Sport (Fifa, NBA, Tennis),Puzzel (Escape room, Heart Stone, Human fall flat),Coop games (A way out, It takes two, Hunt)",,6-8,5 keer of meer,Bodybuilding,30-60 minuten
Door op deze knop te klikken geef ik toestemming om mijn gegevens te laten gebruiken voor onderzoeksdoeleinden.,Vrouw,21,C,241,0,313,5,1122,1187,65,0,306,1157,945,1069,2,6,1,6,16,1,6,2,2,100,73,27,0,93,1759,19,16,57,16,14,24,29,4,22,18,75,22,29,24,5,23,24,47,6,3.29,4.86,5,39,1.89,2.33,2.4,2.6,10,5,8,5,1,0,"2,5","Signal, WhatsApp, Gmail",0,0,0.5,0,0.5,0,,,Vaak,Vaak,Vaak,Vaak,0,Nee,Geen,,4,3-4 keer,Gym,30-60 minuten
Door op deze knop te klikken geef ik toestemming om mijn gegevens te laten gebruiken voor onderzoeksdoeleinden.,Man,20,C,285,0,393,20,597,642,45,2,293,732,814,832,0,4,2,6,16,0,0,2,1,50,60,40,5,87,1230,17,10,32,6,13,13,25,4,0,8,82,30,30,22,3,14,7,21,6.57,1.57,1.57,3,10,2.89,2.0,3.0,3.0,16,8,15,9,2 uur,2 uur,4,Instagram,0,0,2,0,0,0,,2,Soms,Zelden,Soms,Soms,1,0,"Anders, namelijk:",Clash of clans en schaken,0,1-2 keer,Fietsen,30-60 minuten
Door op deze knop te klikken geef ik toestemming om mijn gegevens te laten gebruiken voor onderzoeksdoeleinden.,Vrouw,22,C,208,0,413,5,1075,1474,399,5,200,435,381,283,4,4,2,8,16,1,6,2,2,100,60,40,5,87,1155,16,16,24,9,7,8,30,18,30,24,70,25,20,25,0,41,38,79,4,4,4,2,55,"3,89","3,33","3,6",4,8,6,9,6,0,0,3,NS,,,,,,,,,Nooit,Nooit,Nooit,Nooit,5,nopeeee,"Anders, namelijk:",Genshin Impact,7,3-4 keer,Yoga,1-2 uur
Door op deze knop te klikken geef ik toestemming om mijn gegevens te laten gebruiken voor onderzoeksdoeleinden.,Vrouw,23,C,282,0,340,0,823,876,73,0,312,550,580,679,1,1,1,6,16,0,0,2,0,0,100,0,2,93,1506,28,25,22,6,9,7,41,31,24,26,70,25,25,20,7,9,7,16,5.29,1.86,1.57,4,30,4.67,1.0,1.2,3.8,5,5,5,5,4,een halfuur tot een uur,5,"Mijn kalender, WhatsApp, Snapchat, notities",0,1,1,0,1,2,,,Nooit,Nooit,Nooit,Nooit,0,0,,,5,3-4 keer,Krachttraining,1-2 uur
Door op deze knop te klikken geef ik toestemming om mijn gegevens te laten gebruiken voor onderzoeksdoeleinden.,Man,20,C,219,0,303,5,445,485,40,0,262,715,581,548,4,3,0,8,16,0,0,2,1,50,100,0,0,100,989,22,5,22,6,9,7,5,0,6,0,88,31,31,26,4,7,7,14,3.57,1,1,2,15,"2,56",1,3,"2,6",5,5,5,5,3,3,4,Social media en het beantwoorden van vragen die ik op een bepaald moment heb.,0,0,3,0,0,1,,0,Nooit,Nooit,Nooit,Nooit,12,Nee,"Sport (Fifa, NBA, Tennis)",,7,3-4 keer,Sportschool en thuis fitness / rennen,1-2 uur
Door op deze knop te klikken geef ik toestemming om mijn gegevens te laten gebruiken voor onderzoeksdoeleinden.,Man,19,C,250,0,344,5,587,741,154,0,"310,05",641,704,701,1,2,1,6,16,0,0,2,1,50,100,0,6,87,1560,20,9,40,11,13,16,11,6,0,2,79,30,29,20,3,24,11,35,6.43,2.43,3.29,7,10,1.89,1,3.8,3.0,19,5,21,5,3,1 uur,10,"muziek, whatsapp",5,0,0,0,1,0,,,Vaak,Soms,Zelden,Soms,40,ja,"Avontuur (Spyro, Sly Cooper, Jak and Dexter),Coop games (A way out, It takes two, Hunt),Anders, namelijk:","Rouguelikes, roleplaying games",0,5 keer of meer,naar de uni fietsen,Minder dan 30 minuten
Door op deze knop te klikken geef ik toestemming om mijn gegevens te laten gebruiken voor onderzoeksdoeleinden.,Man,21,D,227,0,352,10,847,868,21,1,323.6,754,683,666,0,2,0,7,16,0,0,2,1,50,75,25,0,93,2099,24,19,39,8,12,19,31,10,4,18,73,23,26,24,2,19,11,30,6.29,1.29,3.29,2,48,2.67,2.0,1.8,3.0,20,12,15,9,2,45 minuten,4,Whatsapp,0.5,0,1,0,0,0.5,,,Vaak,Vaak,Soms,Soms,6,nee,"Shooter (Call of Duty, Siege, Fortnite),Sport (Fifa, NBA, Tennis)",,4,3-4 keer,Voetbal en sportschool,1-2 uur
Door op deze knop te klikken geef ik toestemming om mijn gegevens te laten gebruiken voor onderzoeksdoeleinden.,Vrouw,20,D,278,0%,385ms,15%,842,1004,162,0,"335,7",938,767,899,3,3,1,6,16,0,0,2,2,100%,63%,38%,0%,93,2054,21.0,17.0,50,9,16,25,31,4,0,0,70,25,25,20,9,29,7,36,6,3,2,3,25,4.44,1.67,2.2,3.8,20,15,19,7,"2,5 uur",1 uur,5 uur 30 mn,"instagram, snapchat",0,0,"1,5",0,0,45 min,,,Vaak,Vaak,Vaak,Vaak,1 uur,nee,"Anders, namelijk:",HayDay,-,1-2 keer,fietsen,30-60 minuten
Door op deze knop te klikken geef ik toestemming om mijn gegevens te laten gebruiken voor onderzoeksdoeleinden.,Vrouw,21,C,268,0,355,10,694,950,256,1,"619,52",1014,853,1159,1,3,2,5,16,0,0,2,1,50,71,29,17,93,2366,20.0,11.0,28.0,8.0,10.0,10.0,23.0,8.0,8.0,4.0,63.0,22.0,25.0,16.0,6.0,28.0,8.0,36.0,5.71,3.57,3.0,4.0,52,3.0,3.0,3.0,3.0,5.0,5.0,5.0,5.0,1,1,3,Appen,1,0,1,0,0,0,,,Zelden,Zelden,Zelden,Zelden,3,0,"Puzzel (Escape room, Heart Stone, Human fall flat)",,4,3-4 keer,"Wandelen, zwemmen, hardlopen",30-60 minuten
Door op deze knop te klikken geef ik toestemming om mijn gegevens te laten gebruiken voor onderzoeksdoeleinden.,Man,19,C,230,0,290,0,836,1069,233,0,250,948,725,708,4,2,0,5,16,0,0,2,1,50,88,13,6,87,900,18,9,28,7,13,8,17,4,12,8,81,30,30,21,1,33,33,66,4,3.8,3.8,1,4,1.9,1.6,2,2.6,25,12,24,9,2,2,3,SOcials,1,1,1,,,,,,Vaak,Zelden,Vaak,Vaak,20,Ja,"Shooter (Call of Duty, Siege, Fortnite),Coop games (A way out, It takes two, Hunt),Anders, namelijk:","Moba, MMO",2,1-2 keer,gym,1-2 uur
Door op deze knop te klikken geef ik toestemming om mijn gegevens te laten gebruiken voor onderzoeksdoeleinden.,Man,19,C,268,0,397,0,920,1034,114,0,"354,45",809,1058,1121,0,0,0,6,16,0,0,2,0,0,78,22,31,93,1574,25.0,17.0,65.0,21.0,22.0,22.0,27.0,0.0,16.0,10.0,75.0,22.0,28.0,25.0,7.0,34.0,11.0,45.0,7.0,2.43,4.57,5.0,45,3.44,1.0,1.4,3.2,20.0,19.0,21.0,7.0,4,4,7,social media,1,2,2,,,1,,,Altijd,Altijd,Soms,Soms,1,Nee,"Avontuur (Spyro, Sly Cooper, Jak and Dexter),Strategie (Total war, Civilization),Coop games (A way out, It takes two, Hunt)",,4,1-2 keer,Hardlopen,30-60 minuten
Door op deze knop te klikken geef ik toestemming om mijn gegevens te laten gebruiken voor onderzoeksdoeleinden.,Man,20,D,253,0,339,5,635,716,81,0,"302,65",541,598,682,2,0,0,8,16,0,0,2,0,0,91,9,2,87,1422,24.0,8.0,44.0,9.0,19.0,16.0,21.0,4.0,6.0,12.0,84.0,33.0,30.0,21.0,0.0,23.0,17.0,40.0,5.71,2.14,2.29,4.0,14,2.11,1.33,2.2,3.0,19.0,8.0,20.0,11.0,3,0,7,Vrijetijdsbesteding ,2,0,0,0,0.1,0.20,,,Zelden,Soms,Zelden,Zelden,12,Nee,"Strategie (Total war, Civilization),Sport (Fifa, NBA, Tennis),Coop games (A way out, It takes two, Hunt)",,5,3-4 keer,"Hardlopen, Fitness",30-60 minuten
Door op deze knop te klikken geef ik toestemming om mijn gegevens te laten gebruiken voor onderzoeksdoeleinden.,Man,20,C,244,0,346,5,643,687,44,1,280,670,801,862,1,1,0,7,16,0,0,2,1,50,100,0,7,87,1568,22,10,34,6,12,16,12,0,2,0,82,28,27,27,4,36,10,46,6.57,3.43,3.43,2,4,3.22,2.67,2.8,3.4,11,5,6,5,4,1,5,YouTube kijken,3,0,1,0,0,0.5,,,Vaak,Nooit,Zelden,Zelden,8,Nee,"Race (F1, Forza, Gran Turismo, Mario Kart)",,8,5 keer of meer,Atletiek,1-2 uur
Door op deze knop te klikken geef ik toestemming om mijn gegevens te laten gebruiken voor onderzoeksdoeleinden.,Vrouw,21,C,295,0,423,5,865,943,78,1,"606,04",839,919,859,0,0,1,5,16,0,0,2,1,50,44,56,6,87,1700,21,21,48,11,17,20,26,12,10,12,57,23,21,13,10,38.0,7.0,45.0,3.57,5,1.86,4,51,3.0,3.0,3.0,3.0,5.0,5.0,5.0,5.0,2,2,3,Appen en vermaak,2,1,1,0,0,0,,,Soms,Soms,Zelden,Soms,3,Nee,"Puzzel (Escape room, Heart Stone, Human fall flat)",,3,3-4 keer,Wandelen,30-60 minuten
Door op deze knop te klikken geef ik toestemming om mijn gegevens te laten gebruiken voor onderzoeksdoeleinden.,Man,20,C,226,0,396,0,611,736,125,1,302,622,770,771,0,1,1,9,16,0,0,2,1,50,67,33,9,93,1935,24,17,43,6,15,22,30,4,0,0,76,27,26,23,1.0,32,7,39,6,1.14,8,3.0,45,3.67,1.33,2.0,3.4,5.0,5.0,5.0,5.0,2,0,6,"Nieuws, Whatsapp, dingen opzoeken op internet, bellen.",1,0,0,0,0.1,,,,Altijd,Altijd,Altijd,Altijd,10,Nee,"Anders, namelijk:",Dota 2,5,3-4 keer,Fitness,1-2 uur
Door op deze knop te klikken geef ik toestemming om mijn gegevens te laten gebruiken voor onderzoeksdoeleinden.,Man,23,D,278,0,437,5,788,897,109,0,364,849,790,728,2,2,1,5,200,1,1,4,4,16,100,0,0,80,1708,16,9,56,15,20,21,28,10,18,18,67,26,22,19,9,31,7,38,5.14,2.43,4.43,5,34,3.22,1.33,3.2,2.8,26,16,21,13,5,4,7,social media,2,,5,,,,,,Vaak,Vaak,Vaak,Vaak,8,Nee,"Strategie (Total war, Civilization)",,0,Nooit,,Minder dan 30 minuten
Door op deze knop te klikken geef ik toestemming om mijn gegevens te laten gebruiken voor onderzoeksdoeleinden.,Man,20,C,257,0,409,5,742,816,74,0,250,726,914,883,2,2,2,5,16,0,0,2,1,50,7,1,3,93,1377,17,13,19,6,6,7,13,4,16,6,86,32,28,26,0.0,28,18,46,5,3.14,4,0.0,20,3,3,3.4,3.6,23,8,22,5,2,2,7,youtube,2,0,0,0,0,1,whatsapp,1,Altijd,Altijd,Altijd,Altijd,10,nee,"Anders, namelijk:",clash of clans,10,3-4 keer,"padel, sportschool",1-2 uur
Door op deze knop te klikken geef ik toestemming om mijn gegevens te laten gebruiken voor onderzoeksdoeleinden.,Vrouw,21,D,278,0,420,0,469,665,196,0,"284,4",670,615,732,1,4,1,8,200,2,1,25,13,52,86,14,6,87,1927,23,18,43,11.0,15.0,17,28.0,6.0,20,18,64.0.,22.0,25.0,17.0,8.0,27.0,17.0,44.0,5.71, 2.0,3.86, 2.0,29,3.0,1.67,2.4,1.0,21,15,21,9,7,2,2,Chatten met vrienden,1,0,2,0,0,0.5,Telegram / Whatsapp,1,Soms,Zelden,Vaak,Soms,2,Nee,"Strategie (Total war, Civilization),Puzzel (Escape room, Heart Stone, Human fall flat),Coop games (A way out, It takes two, Hunt)",,2,1-2 keer,Hardlopen,30-60 minuten
Door op deze knop te klikken geef ik toestemming om mijn gegevens te laten gebruiken voor onderzoeksdoeleinden.,Vrouw,21,D,309,0,337,5,753,687,-66,0,307.35,526,553,555,0,1,1,5,200,0,0,25,0,0,80,10,10,93,1349,22,12, 53.0,14.0,18.0, 21.0,25,2,16,24,81.0,29.0,28.0,24.0	, 6.0,25.0,17.0,42.0,5.71,2.57,3.71,2.0 ,10,3,3,3,3,19.0,16.0,19.0,10.0,3,"2,5",5,social media,1,"2,5","0,15",0,0.05,0.1,,,Vaak,Zelden,Vaak,Soms,2,nee,"Race (F1, Forza, Gran Turismo, Mario Kart),Puzzel (Escape room, Heart Stone, Human fall flat)",,2,1-2 keer,wandelen,Minder dan 30 minuten
Door op deze knop te klikken geef ik toestemming om mijn gegevens te laten gebruiken voor onderzoeksdoeleinden.,Man,20,D,246,0,374,5,697,716,19,0,298.2,596,654,818,0,1,0,9,200,1,1,25,15,60,75,25,12,93,2449,20,11,41,9,16,16,22,8,0,4,84,30,30,24,6,36,16,52,6.29,3.43,3.14,2,24,1.22,2.33,1.4,2.0,25,12,21,14,3,2,6,social media,0.5,2,0.5,0,0,0.5,,,Vaak,Soms,Zelden,Zelden,18,ja,"Avontuur (Spyro, Sly Cooper, Jak and Dexter),Shooter (Call of Duty, Siege, Fortnite),Strategie (Total war, Civilization),Sport (Fifa, NBA, Tennis),Puzzel (Escape room, Heart Stone, Human fall flat),Coop games (A way out, It takes two, Hunt)",,8,3-4 keer,"hockey, sportschool",1-2 uur
Door op deze knop te klikken geef ik toestemming om mijn gegevens te laten gebruiken voor onderzoeksdoeleinden.,Man,22,D,233,0,370,10,1477,1295,-182,0,"319,6",722,693,740,3,1,2,6,16,0,0,2,0,0,16,0,5,87,1179,24,19,53,15,20,18,27,8,6,18,82,28,28,26,9,40,7,47,6.71,3.14,2.57,5,14,1.89,1,2,3.2,19,8,19,5,3,3,7,pornooo,30min,4,1,0,0,1,,,Soms,Zelden,Soms,Soms,14,yes,"Shooter (Call of Duty, Siege, Fortnite)",,14,5 keer of meer,sportschool,Meer dan 2 uur
Door op deze knop te klikken geef ik toestemming om mijn gegevens te laten gebruiken voor onderzoeksdoeleinden.,Man,20,D,249,0,385,20,476,600,124,0,334,769,804,875,3,0,0,9,16,1,6,2,1,50,67,33,0,73,2003,24,20,35,8,13,14,19,0,4,0,82,28,29,25,8,17,8,25,5.86,2.57,3.86,2,27,3.56,1.67,2.4,3,5,5,5,5,3,2,6,ZiggoGo,2,0,2,0,0,0,,,Vaak,Nooit,Soms,Soms,5,Nee,"Shooter (Call of Duty, Siege, Fortnite),Sport (Fifa, NBA, Tennis)",,6,3-4 keer,Voetbal/fitness,1-2 uur
Door op deze knop te klikken geef ik toestemming om mijn gegevens te laten gebruiken voor onderzoeksdoeleinden.,Man,23,D,243,0,331,5,729,912,183,9,240.75,889,799,672,1,2,0,7,16,0,0,2,1,50,100,0,5,87,1616,19,13,37,9,12,16,20,2,10,8,63,23,20,20,2,30,7,37,5.86,3,4,0,31,3.56,2,"2,2",3,5,5,5,5,5,0,7,youtube/twitter,2.5,0,0,0,0,0,twitter,2.5,Soms,Soms,Zelden,Zelden,0,nee,Geen,,3,3-4 keer,Gym,30-60 minuten
Door op deze knop te klikken geef ik toestemming om mijn gegevens te laten gebruiken voor onderzoeksdoeleinden.,Man,21,D,271,0,351,10,675,807,132,1,334.5,759,870,877,1,2,0,6,16,1,6.25,2,1,50,75,25,10,87,1623,18,18,31,9,14,8,19,8,6,4,63,24,21,18,1.0,10.0,7.0,17.0,6.71,1.43,4.57,5,10,2.0,2.67,2.2,3.2,18,7,20,9,2,1.5,4,Berichten sturen naar vrienden via diverse platformen.,1,0,2,0,0,1,Whatsapp,0.5,Vaak,Soms,Vaak,Soms,10,nee,"Race (F1, Forza, Gran Turismo, Mario Kart),Anders, namelijk:",open world games online,4,3-4 keer,fitness,30-60 minuten
Door op deze knop te klikken geef ik toestemming om mijn gegevens te laten gebruiken voor onderzoeksdoeleinden.,Vrouw,21,C,289,0,482,0,759,956,197,0,1239,1004,1152,1567,3,3,0,6,16,0,0,2,1,50,43,57,6,80,2419,24,17,49,10,19,20,36,16,16,20,66,25,20,21,11,20,7,27,4.71,3.43,3.86,5,31,3.44,1,1.4,3.2,24,8,9,19,2,1.5 uur,2,Om contact te houden met mensen en voor sociale media.,0,0,2,0,0,0,,,Altijd,Zelden,Vaak,Vaak,0,Nee,"Geen,Coop games (A way out, It takes two, Hunt)",,0,1-2 keer,Fietsen,30-60 minuten
Door op deze knop te klikken geef ik toestemming om mijn gegevens te laten gebruiken voor onderzoeksdoeleinden.,Man,20,C,230,0,342,10,602,677,75,0,266.7,680,703,673,0,2,1,7,200,6,3,25,21,84,100,0,0,100,2964,23,9,41,8,16,17,23,4,0,4,80,30,29,21,3,29,15,44,6.29,2,3.57,5,21,2.78,1.67,2.8,3.6,23,5,16,5,3,2,7,Contact met anderen via whatsapp of sociale media,1,1,1,0,0,1,,,Vaak,Vaak,Vaak,Vaak,5,Ja,"Avontuur (Spyro, Sly Cooper, Jak and Dexter),Shooter (Call of Duty, Siege, Fortnite),Strategie (Total war, Civilization),Race (F1, Forza, Gran Turismo, Mario Kart),Sport (Fifa, NBA, Tennis),Puzzel (Escape room, Heart Stone, Human fall flat),Coop games (A way out, It takes two, Hunt)",,5,1-2 keer,Zwemmen & voetbal,1-2 uur
Door op deze knop te klikken geef ik toestemming om mijn gegevens te laten gebruiken voor onderzoeksdoeleinden.,Man,22,D,237,0,403,0,640,771,131,0,"337,2",706,762,811,5,0,1,6,16,0,0,2,1,50,83,17,5,87,1313,26,21,40,9,14,17,26,0,6,8,84,28,29,27,9,16,8,24,6.14,1.0,1.57,2.0,21,3.44,1.0,2.4,3.8,12,7,16,5,2 uur,"1,5 uur",5 uur,tittok,0.5,2,0.25,0,0.25,"0,5",,,Soms,Soms,Soms,Nooit,4,ja,"Avontuur (Spyro, Sly Cooper, Jak and Dexter),Shooter (Call of Duty, Siege, Fortnite),Sport (Fifa, NBA, Tennis),Coop games (A way out, It takes two, Hunt)",,7,3-4 keer,MMA,Meer dan 2 uur
Door op deze knop te klikken geef ik toestemming om mijn gegevens te laten gebruiken voor onderzoeksdoeleinden.,Man,21,D,250,0,305,5,493,562,69,1,276,497,425,556,2,2,1,8,200,0,0,25,18,72,100,0,0,67,898,8,17,48,7,23,18,19,36,4,2,76,29,31,16,6,30,19,49,5.14,3.29,3.57,2,10,2.89,1,2.6,2.2,24,19,25,7,2,0,6,"youtube, reddit, lezen",3,0,0,0,0,0,,,Nooit,Nooit,Nooit,Nooit,20-40,ja,"Avontuur (Spyro, Sly Cooper, Jak and Dexter),Shooter (Call of Duty, Siege, Fortnite),Strategie (Total war, Civilization),Puzzel (Escape room, Heart Stone, Human fall flat),Coop games (A way out, It takes two, Hunt)",,2,3-4 keer,lopen/hardlopen,30-60 minuten
Door op deze knop te klikken geef ik toestemming om mijn gegevens te laten gebruiken voor onderzoeksdoeleinden.,Vrouw,25,D,375,0,607,0,791,815,24,0,920.6,782,826,879,0,1,1,6,16,1,6,2,0,0,88,13,6,100,1543,16,15,56,17,19,20,37,12,6,20,68,22,28,18,8,10,7,17,6.14,2.86,4.14,6,41,2.11,1.33,3.0,4.2,17,8,17,8,5,4,9,Social media,,1,3,,,,Twitter,1,Altijd,Vaak,Altijd,Altijd,0,0,,,2,1-2 keer,Fitness,30-60 minuten
Door op deze knop te klikken geef ik toestemming om mijn gegevens te laten gebruiken voor onderzoeksdoeleinden.,Man,20,D,249,0,510,5,1009,870,-139,0,755.72,1096,1124,1251,2,3,0,5,200,1,25,25,15,60,100,0,2,80,2020,22,20,39.0,10.0,15.0,14.0,34.0,18.0,10.0,20.0,51.0,22.0,15.0,14.0,7.0,23.0,10.0,33.0,5.86,1.57,2.0,2.0,32,3.11,1.0,1.4,3.4,17.0,9.0,19.0,7.0,3,1.5,4,Sociale media,1,0,1,0,0,1,,,Soms,Soms,Soms,Soms,0,0,Geen,,1,1-2 keer,Fietsen,Minder dan 30 minuten
Door op deze knop te klikken geef ik toestemming om mijn gegevens te laten gebruiken voor onderzoeksdoeleinden.,Man,22,D,231,0,341,0,423,588,165,0,272,655,735,752,0,2,1,9,16,0,0,2,0,0,100,0,0,87,1165,19,18,25,6,11,8,25,12,10,12,72,26,25,21,3,19,8,27,5.57,2.14,4.86,6,45,3.44,2.0,3.2,2.8,11,6,8,8,7,3,9,"Contact met vrienden en familie, ook Youtube kijken",3,0.5,0.5,0,0,0.5,Reddit,2,Zelden,Zelden,Soms,Soms,10,Ja,"Shooter (Call of Duty, Siege, Fortnite),Strategie (Total war, Civilization),Race (F1, Forza, Gran Turismo, Mario Kart),Sport (Fifa, NBA, Tennis)",,5,3-4 keer,Gym/fitness,1-2 uur
Door op deze knop te klikken geef ik toestemming om mijn gegevens te laten gebruiken voor onderzoeksdoeleinden.,Man,25,D,245,0,457,5,507,721,214,1,"332,6",956,930,996,0,0,1,5,200,0,0,25,9,36,82,18,0,90,3485,24.0,21.0,31.0,8.0,12.0,11.0,33.0,6.0,0.0,2.0,75.0,23.0,27.0,25.0,5.0,15.0,7.0,22.0,6.0,3.14,2.57,1.0,18,4.56,1.67,2.0,4.2,6.0,5.0,5.0,5.0,4,2,4.5,"Youtube, Instgram",3,0,1,0,0,0,,,Nooit,Nooit,Zelden,Nooit,1,0,"Shooter (Call of Duty, Siege, Fortnite)",,2,1-2 keer,Voetbal,1-2 uur
Door op deze knop te klikken geef ik toestemming om mijn gegevens te laten gebruiken voor onderzoeksdoeleinden.,Vrouw,21,C,280,0%,370,10%,908,897,-11,0,337,931,1092,1186,0,1,0,7,16,0,0,2,1,50,60,40,0,100,3215,28.0,28.0,44,10,18,16,27,26,18,26,41,23,9,9,0,46,13,59,2.14,6.0,5.86,2,0,3.33,2.67,2.6,3.4,5,5,5,5,3,1.5,4,,5,0,10,0,2,3,,,Vaak,Zelden,Altijd,Altijd,0,0,Geen,,7,1-2 keer,,30-60 minuten
Door op deze knop te klikken geef ik toestemming om mijn gegevens te laten gebruiken voor onderzoeksdoeleinden.,Vrouw,19,C,231,0,354,10,663,1214,551,0,370,567,652,629,0,0,0,8,16,0,0,2,0,0,83,17,0,73,1130,21.0,13.0,45.0,13.0,17.0,15.0,18.0,10.0,10.0,12.0,90.0,29.0,35.0,26.0,3.0,39.0,25.0,64.0,6.29,5.14,2.86,1.0,62,1.89,4.0,3.4,2.8,12.0,9.0,13.0,7.0,6 uur ,"2,5 uur",9 uur ,TikTok en Netflix ,14 min,5 uur,1 uur,0 uur,0 uur,30 sec,"Pinterest, Whatsapp, ",2 uur,Vaak,Soms,Zelden,Zelden,0,Nee,"Anders, namelijk:",Sims4,0,1-2 keer,Rennen voor de trein,Minder dan 30 minuten
Door op deze knop te klikken geef ik toestemming om mijn gegevens te laten gebruiken voor onderzoeksdoeleinden.,Man,21,D,279,0,362,5,853,858,5,0,883,662,582,722,0,2,0,5,200,1,1,25,8,32,9,16,8,93,1197,27.0,20.0,53,12,19,22,19,0,6,2,71,22,28,21,3,14,7,21,3.29,4.43,1.14,5,46,3.44,1.67,2.0,4.4,0,0,0,0,6,2,6,Whatsapp (communicatie) & Social Media,0.5,0,3,0,0,1,,,Vaak,Vaak,Zelden,Vaak,2,JA,"Shooter (Call of Duty, Siege, Fortnite),Puzzel (Escape room, Heart Stone, Human fall flat)",,0,Nooit,Geen,30-60 minuten
Door op deze knop te klikken geef ik toestemming om mijn gegevens te laten gebruiken voor onderzoeksdoeleinden.,Man,21,B,143,0,267,0,722,751,29,0,"318,33",795,729,819,4,1,0,7,16,0,0,2,0,0,88,13,0,100,1700,15.0,16.0,48.0,9.0,18.0,21.0,38.0.,12,12,18,65,18,22,25,8.0,28,7,35,4.0,4.57,3.29,1.0,37,1.67,2.0,2.0,2.8,24.0,12.0,20.0,6.0,4-6 uur,4 uur,6 uur,instagram,0.1,0,3,0,0,0.5,whatsapp,0.6,Vaak,Soms,Altijd,Vaak,1,Ja,"Shooter (Call of Duty, Siege, Fortnite)",,7 uur,5 keer of meer,Sportschool (gewichtheffen),1-2 uur